,year,Renewable energy consumption (TJ),Access to electricity (% of rural population with access),Access to Clean Fuels and Technologies for cooking (% of total population),Access to electricity (% of total population),Access to electricity (% of urban population with access),Energy intensity level of primary energy (MJ/2011 USD PPP),Renewable electricity output (GWh),Renewable electricity share of total electricity output (%),Renewable energy share of TFEC (%),Total electricity output (GWh),Total final energy consumption (TFEC) (TJ),country
0,1990,5645860.0,29.743353585862604,,43.291561126709006,82.7758331298828,8.291597908923299,71688.0,24.4892939617124,58.652858348277995,292732.0,9625890.636864,India
1,1991,5724241.0,31.5873365126957,,44.938995361328104,83.3821182250977,8.548366552080969,72814.0,22.8074022101386,57.6047933357271,319256.0,9937091.461536,India
2,1992,5794445.0,33.4554976334482,,46.5859222412109,83.9882278442383,8.40018852696283,69974.0,20.7526521363897,57.23056748457271,337181.0,10124737.976016,India
3,1993,5825789.0,38.7,,50.9,82.8,8.21116167819759,70577.0,19.5588133409081,56.9833633428903,360845.0,10223666.449703999,India
4,1994,5889504.0,37.195902503781795,,49.8675346374512,85.1963272094727,7.9941130108098495,82927.0,21.21909967171,55.5571874605853,390813.0,10600795.809144,India
5,1995,5915133.0,39.0613479513863,,51.4961051940918,85.796257019043,7.858160303171151,73126.0,17.2605391115517,54.4841170038941,423660.0,10856619.00252,India
6,1996,5955321.0,40.917532222735204,,53.1124382019043,86.3920669555664,7.53016367474512,69854.0,15.7672939365417,53.767409699754,443031.0,11076079.419216,India
7,1997,6027971.0,42.7613123992003,,54.713474273681605,86.9827194213867,7.52418202136383,75700.0,16.015130807865,52.4880731033173,472678.0,11484458.551439999,India
8,1998,6104928.0,44.58886310464379,,56.2961578369141,87.5671844482422,7.25603779427374,84132.0,16.7011082856411,52.7122557076625,503751.0,11581610.230944,India
9,1999,6172063.0,48.1,,60.1,91.3,7.0505470785197195,83274.0,15.2580757461935,51.7172937036599,545770.0,11934234.291852001,India
10,2000,6231016.0,48.181628673275796,22.15,59.3957443237305,88.7140884399414,6.94959487076476,77426.0,13.590948027692402,51.5793476223734,569688.0,12080447.479908,India
11,2001,6298836.0,43.6,23.85,55.8,87.6,6.72480637599239,77680.0,13.2070435298578,51.7872192257844,588171.0,12162916.051811999,India
12,2002,6363576.0,51.4599656790939,25.01,62.3,89.8399200439453,6.67200102251513,73597.0,12.055161162453198,50.569442655726206,610502.0,12583836.534096,India
13,2003,6468599.0,53.3333017676252,25.93,63.9244918823242,90.40172576904301,6.33392172930991,87664.0,13.4694247561217,50.842799057757304,650837.0,12722743.672416,India
14,2004,6600165.0,53.599919892063205,27.41,64.4,90.96656036376949,6.181107871464059,99059.0,14.4825005007376,49.724024605246804,683991.0,13273593.705252001,India
15,2005,6752224.0,56.767529101516,28.34,66.9324493408203,91.53722381591801,5.87751946572999,118935.0,16.6190180757235,48.575308751226395,715656.0,13900527.188784,India
16,2006,6904236.0,55.7,29.74,67.9,93.1,5.66184904777442,135725.0,17.5404247180092,47.4437217093748,773784.0,14552475.546276001,India
17,2007,7041745.0,60.294701557839794,30.95,69.9880218505859,92.7073287963867,5.507649298536429,147122.0,17.8640856862195,45.867803519534796,823563.0,15352261.193412,India
18,2008,7130872.0,62.1101038287165,32.06,71.5473175048828,93.3116302490235,5.562142409976031,140062.0,16.5098337370558,43.6328830116274,848355.0,16342885.245744001,India
19,2009,7236991.0,66.0,32.82,75.0,96.1,5.6467119320193895,143650.0,15.6600552489802,40.770827588581206,917302.0,17750414.764764,India
20,2010,7376893.0,65.7,34.4,76.3,94.0,5.35317924225662,157135.0,16.043744435459498,39.4815087312075,979416.0,18684425.284307998,India
21,2011,7553407.0,55.8,35.42,67.6,92.9,5.23298571103505,186077.0,17.316962856526,38.931740213946206,1074536.0,19401668.04384,India
22,2012,7628053.0,72.7,36.64,79.9,96.1,5.19964331645046,176689.0,15.732973360913,38.3908901522843,1123049.0,19869435.091872,India
23,2013,7791782.0,71.65504757065341,37.81,79.5991134643555,96.4849090576172,4.9886254400501695,206622.0,17.3493138262499,37.84984117849721,1193480.0,20586036.182435997,India
24,2014,7903163.0,73.6316231707346,38.8,81.2395095825195,97.13742065429692,4.96014949895526,210273.0,16.2538398153488,36.651837856374,1287398.0,21562801.382484,India
25,2015,8011645.0,83.2,39.88,88.0,97.5,4.730910448553139,212195.0,15.343050345479801,36.021222565281704,1383004.0,22241457.755856,India
26,2016,,77.6286901645437,41.04,84.5268173217773,98.4463119506836,,,,,,,India
0,1990,34713.48,100.0,,100.0,100.0,5.657871280533691,5811.0,1.82876744661768,0.6511339784235172,317755.0,5331234.607668,UK
1,1991,33864.15,100.0,,100.0,100.0,5.924850843612231,5323.0,1.65643904503473,0.6082641311365781,321352.0,5567342.9134680005,UK
2,1992,45786.89,100.0,,100.0,100.0,5.87744270248762,6405.0,2.00566157083539,0.8407377955689591,319346.0,5446036.83114,UK
3,1993,42888.41,100.0,,100.0,100.0,5.784632536902519,5718.0,1.77762579080721,0.775204971316571,321665.0,5532525.149724,UK
4,1994,56409.38,100.0,,100.0,100.0,5.604070687830959,6955.0,2.13984198089987,1.02142848392085,325024.0,5522597.116487999,UK
5,1995,58327.85,100.0,,100.0,100.0,5.475482918320769,6871.0,2.06653453196948,1.0602290988460301,332489.0,5501438.327196,UK
6,1996,54952.71,100.0,,100.0,100.0,5.56311124752267,5685.0,1.6274802254711398,0.9435868971276659,349313.0,5823810.204156,UK
7,1997,58459.55,100.0,,100.0,100.0,5.24372885145002,6946.0,1.9892319147717499,1.02847968902927,349180.0,5684074.330644,UK
8,1998,58632.24,100.0,,100.0,100.0,5.122968916780549,8649.0,2.39532069159381,1.02970432391514,361079.0,5694085.053180001,UK
9,1999,55021.74,100.0,,100.0,100.0,4.98091612188099,9616.0,2.6327173169062297,0.9489176570480621,365250.0,5798368.234728,UK
10,2000,56057.06,100.0,100.0,100.0,100.0,4.81793687756031,9970.0,2.66310517529215,0.961901516319544,374375.0,5827733.821908,UK
11,2001,50250.52,100.0,100.0,100.0,100.0,4.7056822160994605,9549.0,2.49733241275421,0.8528674660286208,382368.0,5891949.45306,UK
12,2002,55670.19,100.0,100.0,100.0,100.0,4.48998981896257,11127.0,2.89317333818692,0.9700712480097728,384595.0,5738773.323528,UK
13,2003,54084.69,100.0,100.0,100.0,100.0,4.41946228948578,10618.0,2.68494730240932,0.934980336780085,395473.0,5784580.474308,UK
14,2004,66016.19,100.0,100.0,100.0,100.0,4.2936071041826,14137.0,3.6130321663880895,1.1372583296586598,391287.0,5804854.38342,UK
15,2005,77836.54,100.0,100.0,100.0,100.0,4.18819530567367,16938.0,4.28348161223592,1.3522797381444902,395425.0,5755949.586792,UK
16,2006,87957.64,100.0,100.0,100.0,100.0,4.0120973786369,18106.0,4.602089317032259,1.55391999101972,393429.0,5660371.222992,UK
17,2007,102465.0,100.0,100.0,100.0,100.0,3.7693929922852702,19689.0,5.01029338042756,1.83965077165068,392970.0,5569807.138344,UK
18,2008,155496.3,100.0,100.0,100.0,100.0,3.7286494090143503,21847.0,5.677052204869679,2.78279191396424,384805.0,5587780.358988,UK
19,2009,175739.7,100.0,100.0,100.0,100.0,3.66894172656006,25245.0,6.76680846273229,3.3830316630886603,373035.0,5194740.029112,UK
20,2010,198481.1,100.0,100.0,100.0,100.0,3.74016795806459,25785.0,6.81281342640788,3.6389182618799705,378621.0,5454398.415024,UK
21,2011,218559.6,100.0,100.0,100.0,100.0,3.40085679343243,34530.0,9.48905310077413,4.40111862136268,364517.0,4966001.119332,UK
22,2012,243652.1,100.0,100.0,100.0,100.0,3.46520061199229,41125.0,11.423960176561,4.7512576185090705,360616.0,5128160.153868,UK
23,2013,309751.8,100.0,100.0,100.0,100.0,3.35283107405877,53280.0,14.988480137732001,6.01578094932047,356264.0,5148987.3486,UK
24,2014,358785.1,100.0,100.0,100.0,100.0,3.0688781821477096,64587.0,19.2628536831965,7.3952204555385,336042.0,4851580.857624,UK
25,2015,429157.5,100.0,100.0,100.0,100.0,3.0173144684495403,83551.0,24.8400504227664,8.71168557437913,336356.0,4926228.068448001,UK
26,2016,,100.0,100.0,100.0,100.0,,,,,,,UK
0,1990,565611.4,100.0,,100.0,100.0,5.44753280318395,55779.0,13.369878643045599,10.4080191320525,417199.0,5434380.863676,France
1,1991,638068.1,100.0,,100.0,100.0,5.698379907872571,59704.0,13.2201978689672,11.0122219269501,451612.0,5794181.267256,France
2,1992,654879.0,100.0,,100.0,100.0,5.51240636206998,71090.0,15.4539782744326,11.2582017613576,460011.0,5816905.8778800005,France
3,1993,624676.8,100.0,,100.0,100.0,5.63795068605657,66871.0,14.238354192661,10.860132570497301,469654.0,5752018.181592,France
4,1994,617940.9,100.0,,100.0,100.0,5.30022745820351,80957.0,17.058195127193198,10.934488875218598,474593.0,5651301.19068,France
5,1995,612270.1,100.0,,100.0,100.0,5.40804649600304,75454.0,15.361125079142802,10.701408694358,491201.0,5721397.2243,France
6,1996,628695.6,100.0,,100.0,100.0,5.63604373298208,68475.0,13.4486212585435,10.4949535665609,509160.0,5990456.232252,France
7,1997,588068.6,100.0,,100.0,100.0,5.338704796041401,66452.0,13.264534158391099,9.98545318666425,500975.0,5889252.986388,France
8,1998,586657.4,100.0,,100.0,100.0,5.30525458900133,64767.0,12.7678574948843,9.70928588525048,507266.0,6042230.1591839995,France
9,1999,593721.4,100.0,,100.0,100.0,5.12201148310623,75406.0,14.466739698064401,9.779014351504141,521237.0,6071382.847584,France
10,2000,567220.2,100.0,100.0,100.0,100.0,4.97920897917369,69402.0,12.9678764686538,9.25600013717668,535184.0,6128135.172792,France
11,2001,597108.2,100.0,100.0,100.0,100.0,5.05091109835806,77738.0,14.2563718855793,9.395220909420212,545286.0,6355446.090696,France
12,2002,539610.1,100.0,100.0,100.0,100.0,5.00716538154063,64206.0,11.5972761591677,8.66875552749496,553630.0,6224770.075572,France
13,2003,561490.7,100.0,100.0,100.0,100.0,5.0556274959923,63057.0,11.2300179517866,8.84755441914201,561504.0,6346281.394836,France
14,2004,570263.8,100.0,100.0,100.0,100.0,4.99064323415997,63940.0,11.2429885178738,8.88771189269145,568710.0,6416317.347876,France
15,2005,548808.1,100.0,100.0,100.0,100.0,4.93206864531416,56325.0,9.860646697361739,8.59691215698915,571210.0,6383781.641340001,France
16,2006,530365.3,100.0,100.0,100.0,100.0,4.740105419428151,62339.0,10.947575829949802,8.46011282921616,569432.0,6269009.772168,France
17,2007,571542.2,100.0,100.0,100.0,100.0,4.57793635586042,65909.0,11.6909263128767,9.32132831522475,563762.0,6131553.150708,France
18,2008,649586.9,100.0,100.0,100.0,100.0,4.58910194670539,73826.0,12.9792089338645,10.473230358883301,568802.0,6202354.743864,France
19,2009,669329.4,100.0,100.0,100.0,100.0,4.524647529585691,69661.0,13.127163567084901,11.222006213612099,530663.0,5964436.191348,France
20,2010,731191.6,100.0,100.0,100.0,100.0,4.57721334867775,78195.0,13.8573593131131,11.845873304769402,564285.0,6172542.801936,France
21,2011,617406.4,100.0,100.0,100.0,100.0,4.31528298948888,64399.0,11.574747247809501,10.913690435543499,556374.0,5657173.470756,France
22,2012,725254.3,100.0,100.0,100.0,100.0,4.31659316435746,83036.0,14.8273540719154,12.372958762063,560826.0,5861607.671592,France
23,2013,808277.4,100.0,100.0,100.0,100.0,4.31050153437464,96672.0,17.045286239217997,13.4773744348411,567157.0,5997291.266988,France
24,2014,736346.1,100.0,100.0,100.0,100.0,4.08202291575321,91807.0,16.4559049430271,13.3470246384899,556979.0,5516930.701368,France
25,2015,760300.4,100.0,100.0,100.0,100.0,4.10185369917219,89357.0,15.8576666299907,13.4992623166677,563494.0,5632162.574256,France
26,2016,,100.0,100.0,100.0,100.0,,,,,,,France
0,1990,2053170.0,100.0,,100.0,100.0,8.66657670426795,369241.0,11.528646848879399,4.1754621858343395,3202813.0,49172281.02234,USA
1,1991,2219454.0,100.0,,100.0,100.0,8.74349537733587,350142.0,10.7574142290523,4.50791959377071,3254890.0,49234551.633684,USA
2,1992,2357618.0,100.0,,100.0,100.0,8.61274699225872,324316.0,9.916110116899151,4.76308310810846,3270597.0,49497729.653016,USA
3,1993,2159242.0,100.0,,100.0,100.0,8.52935320875437,355578.0,10.484325612114901,4.28152840674077,3391520.0,50431570.104744,USA
4,1994,2102316.0,100.0,,100.0,100.0,8.35152168582419,336458.0,9.747235524345061,4.08864139839829,3451830.0,51418449.19008,USA
5,1995,2447809.0,100.0,,100.0,100.0,8.2341349169744,384343.0,10.801084989942,4.726554335192059,3558374.0,51788445.163416,USA
6,1996,2539409.0,100.0,,100.0,100.0,8.109277706256469,422867.0,11.581450048257501,4.76393045060593,3651244.0,53304913.376244,USA
7,1997,2432528.0,100.0,,100.0,100.0,7.8391338634672305,403130.0,10.977828125765901,4.514260298827151,3672220.0,53885417.299308,USA
8,1998,2447760.0,100.0,,100.0,100.0,7.56902635840737,365559.0,9.60858498243135,4.534296889580901,3804504.0,53983231.79112,USA
9,1999,3186229.0,100.0,,100.0,100.0,7.42580269733143,351308.0,9.06920058095258,5.70972659311957,3873638.0,55803530.134692006,USA
10,2000,3167129.0,100.0,100.0,100.0,100.0,7.335371396074099,330364.0,8.20599694228722,5.42962368850183,4025885.0,58330543.361724,USA
11,2001,2677065.0,100.0,100.0,100.0,100.0,7.128216808685419,260426.0,6.783992314326941,4.67857120998539,3838831.0,57219712.597008,USA
12,2002,2770880.0,100.0,100.0,100.0,100.0,7.08236787119647,348137.0,8.646361177816699,4.840779184482621,4026399.0,57240371.733588,USA
13,2003,3092945.0,100.0,100.0,100.0,100.0,6.90496749066525,360433.0,8.88937612108964,5.326282273569809,4054649.0,58069490.897016004,USA
14,2004,3223103.0,100.0,100.0,100.0,100.0,6.790206058540961,357987.0,8.63018553161945,5.477656518317831,4148080.0,58840911.057888,USA
15,2005,3439771.0,100.0,100.0,100.0,100.0,6.60173784003223,366205.0,8.57846553445898,5.84109087259038,4268887.0,58889188.25319599,USA
16,2006,3755239.0,100.0,100.0,100.0,100.0,6.3694074043804,395209.0,9.24463118340514,6.39651397057971,4275011.0,58707586.933631994,USA
17,2007,3755210.0,100.0,100.0,100.0,100.0,6.36757144746924,361815.0,8.367763936155079,6.30412819821935,4323915.0,59567475.183336,USA
18,2008,3989400.0,100.0,100.0,100.0,100.0,6.22245169027002,391022.0,9.00354134718557,6.84554083511255,4342980.0,58277353.040352,USA
19,2009,4070025.0,100.0,100.0,100.0,100.0,6.084563270765161,428696.0,10.291845071115699,7.35440475450257,4165395.0,55341324.496836,USA
20,2010,4327122.0,100.0,100.0,100.0,100.0,6.0724792214272,440677.0,10.1203551472397,7.5051720554451,4354363.0,57655200.547476,USA
21,2011,4663837.0,100.0,100.0,100.0,100.0,5.909836749586769,528962.0,12.2257135163932,8.164451646232651,4326635.0,57123701.653032,USA
22,2012,4802944.0,100.0,100.0,100.0,100.0,5.69299524637643,512822.0,12.007397063465099,8.48145040759456,4270884.0,56628804.85275601,USA
23,2013,5052304.0,100.0,100.0,100.0,100.0,5.67603563128095,541802.0,12.637919122281302,8.71326157278159,4287114.0,57984073.561872,USA
24,2014,5175231.0,100.0,100.0,100.0,100.0,5.62114571317303,559496.0,12.953827090292599,8.75430895443964,4319156.0,59116385.164536,USA
25,2015,5097931.0,100.0,100.0,100.0,100.0,5.408392539553519,568439.0,13.2285932109672,8.71693586705814,4297048.0,58483061.912448,USA
26,2016,,100.0,100.0,100.0,100.0,,,,,,,USA
0,1990,818879.8,45.136922672563706,,59.9366035461426,93.53985595703129,5.46012940982267,16925.0,44.9260743768747,57.50053324402221,37673.0,1424125.5755399999,Pakistan
1,1991,845160.2,44.7,,59.6,95.2,5.32913096820188,18303.0,44.5588664913818,58.0912937448666,41076.0,1454882.729436,Pakistan
2,1992,871558.3,49.1230114112287,,63.0752372741699,94.0186767578125,5.270224153816019,21112.0,43.2534316738373,55.98220548175429,48810.0,1556848.81026,Pakistan
3,1993,891197.5,51.129990385841,,64.641242980957,94.2569732666016,5.44234478903556,19436.0,38.376179757532704,54.148189308757,50646.0,1645849.125108,Pakistan
4,1994,922235.4,53.1413964571607,,66.2011260986328,94.4932098388672,5.46181907841161,22858.0,42.681355615722204,54.1957599173604,53555.0,1701674.450928,Pakistan
5,1995,944340.5,55.1533807927728,,67.7518310546875,94.72634887695308,5.434871723941881,23206.0,40.7430166616922,53.122876016644106,56957.0,1777653.1897560002,Pakistan
6,1996,955355.8,57.1614968852154,,69.29030609130861,94.9553680419922,5.4553276547344005,20858.0,35.2778012684989,52.1697429164645,59125.0,1831244.9833799999,Pakistan
7,1997,976003.3,59.16291718679479,,70.8134765625,95.1792373657227,5.54413272128116,22060.0,35.4919153728582,51.93672445328551,62155.0,1879216.123608,Pakistan
8,1998,992678.0,60.07,,70.46,93.14,5.52327511144911,22449.0,34.3109983493306,51.603478098381395,65428.0,1923664.908996,Pakistan
9,1999,1010793.0,63.1226955778819,,73.8017120361328,95.6073837280273,5.62593931334963,19288.0,29.321982365460602,50.234476700196105,65780.0,2012149.954368,Pakistan
10,2000,1028856.0,65.07034650525401,22.62,75.2621612548828,95.8102493286133,5.540251451378349,17194.0,25.2422338363967,50.959149492699794,68116.0,2018981.890872,Pakistan
11,2001,1053960.0,68.49966994711579,24.14,77.7,96.00768280029301,5.52117877280807,18941.0,26.1507662570758,51.317454391077696,72430.0,2053804.1344919999,Pakistan
12,2002,1083577.0,68.9291432965784,25.39,78.133903503418,96.20250701904301,5.408805308980059,22351.0,29.5241995138962,51.089236391868,75704.0,2120949.688284,Pakistan
13,2003,1117839.0,70.8569062022808,26.63,79.5573196411133,96.3975296020508,5.39291390982465,26944.0,33.3341581096128,49.7101465157136,80830.0,2248713.95148,Pakistan
14,2004,1136601.0,72.7950324329079,28.12,80.9805145263672,96.59557342529301,5.384772910535291,25671.0,29.9793294327856,47.5096912009834,85629.0,2392356.109392,Pakistan
15,2005,1172802.0,74.27,29.23,83.85,96.4,5.185951565651201,30862.0,32.9620096337673,47.5155968611295,93629.0,2468246.381136,Pakistan
16,2006,1200230.0,76.73858555233159,30.5,83.8504943847656,97.0119857788086,5.0881049614495595,31953.0,32.5343895410994,46.513008383491105,98213.0,2580417.912564,Pakistan
17,2007,1217336.0,84.4,31.81,89.2,98.3,5.11362727849871,28707.0,30.0090946153605,44.276075243657395,95661.0,2749421.6533439998,Pakistan
18,2008,1238552.0,80.8296813001982,33.05,86.79083251953129,97.47350311279301,4.94367627417617,27784.0,30.3265805099546,45.99395550961571,91616.0,2692858.194684,Pakistan
19,2009,1264986.0,87.1,34.17,90.73,97.73,4.87983156850528,28093.0,29.4608681061694,45.772339806617495,95357.0,2763647.22744,Pakistan
20,2010,1304830.0,85.0974733363922,35.59,89.8137741088867,97.98424530029301,4.87211626720081,31811.0,33.7038057297847,46.7220403019112,94384.0,2792750.469732,Pakistan
21,2011,1320087.0,87.9,36.85,91.37,98.08,4.77746601054816,28517.0,29.9894836470712,46.070940481502106,95090.0,2865335.472216,Pakistan
22,2012,1349411.0,89.5268198759135,38.13,92.89678955078129,98.5306930541992,4.6689875457403,29857.0,31.0605981794538,46.523235588255304,96125.0,2900509.7838479998,Pakistan
23,2013,1383726.0,90.5,39.47,93.6,99.8,4.58216155222553,32270.0,31.006187785848798,47.4609520103179,104076.0,2915504.096292,Pakistan
24,2014,1414242.0,94.1020275363114,40.74,96.0158538818359,99.09857177734379,4.53627480631908,33276.0,31.1025535574083,46.6045297407692,106988.0,3034559.103732,Pakistan
25,2015,1446248.0,90.37,42.13,93.5,98.7,4.422162716289019,34844.0,31.430349717213396,46.4763249199424,110861.0,3111795.096732,Pakistan
26,2016,,98.807673698578,43.32,99.1474380493164,99.67388916015629,,,,,,,Pakistan
0,1990,148743.4,1.8,,13.9,34.7,12.076749103810402,7951.0,99.22625733183581,82.9827342296715,8013.0,179246.202696,Zambia
1,1991,151881.3,,,14.1154260635376,36.4744071960449,12.4338490708853,8982.0,99.28152978888029,82.2531576650771,9047.0,184651.026552,Zambia
2,1992,155978.9,3.1,,19.2,39.2,12.8631637474599,6516.0,99.07252546753841,82.70677676530791,6577.0,188592.647544,Zambia
3,1993,159944.4,1.0205309731263101,,15.287503242492699,38.5237426757813,12.0718245217937,8140.0,99.2925103683825,85.1351070829181,8198.0,187871.26190399998,Zambia
4,1994,163775.9,1.61423405424409,,15.865894317627001,39.5458335876465,13.3179332476675,8091.0,99.3980343980344,86.856529441463,8140.0,188559.111276,Zambia
5,1995,167550.7,2.2003500493855097,,16.4351081848145,40.5648345947266,13.1652617817189,7871.0,99.3311458859162,87.11133056448959,7924.0,192340.880244,Zambia
6,1996,169843.5,1.5,,17.3,44.1,12.2889781791307,7114.0,99.288206559665,89.64085703917809,7165.0,189471.080052,Zambia
7,1997,172457.1,3.33200036126778,,17.533767700195302,42.5894317626953,12.345331189544899,7886.0,99.30739201611891,87.0073847963624,7941.0,198209.727144,Zambia
8,1998,175028.2,2.0,,19.0,48.0,12.515833209247198,7539.0,99.1582270156517,87.7555454741181,7603.0,199449.7317,Zambia
9,1999,181512.4,4.3831118750320694,,18.559007644653303,44.589298248290994,12.063275288988098,7712.0,99.33024214322509,89.8353750195481,7764.0,202050.027576,Zambia
10,2000,187952.5,2.2,14.0,16.7,44.1,11.9787723517983,7750.0,99.38445755321881,89.99074143632471,7798.0,208857.596904,Zambia
11,2001,193989.2,4.953131426133679,14.11,19.4985198974609,46.561309814453104,11.744042641315,7893.0,99.3705149187964,89.809403412906,7943.0,216000.98945999998,Zambia
12,2002,199543.4,2.9,14.3,17.4,45.1,11.5890389405742,8102.0,99.37446338771,89.6466008565857,8153.0,222588.91926,Zambia
13,2003,205660.5,3.0,14.46,18.5,48.0,11.1919364470931,8257.0,99.3741725839451,89.3584743700971,8309.0,230152.205988,Zambia
14,2004,212238.9,3.1,14.58,20.3,47.6,10.758206037322099,8460.0,99.4358251057828,89.5047286067627,8508.0,237125.90754000001,Zambia
15,2005,218635.0,4.401629198745651,14.73,21.2778854370117,50.496509552002,10.369885462917301,8883.0,99.4068934646374,89.0002561764551,8936.0,245656.59627600003,Zambia
16,2006,225953.6,4.23741516873031,14.92,21.737333297729503,51.4948959350586,9.83945420098551,9669.0,99.86573022102871,89.8428837376804,9682.0,251498.60578800002,Zambia
17,2007,231434.8,3.0,15.08,18.5,47.8,9.10424316457514,9631.0,99.87555739914959,92.96140920357841,9643.0,248957.929944,Zambia
18,2008,235483.2,3.92902856636613,15.25,22.7146854400635,53.528125762939396,8.751486367276879,9522.0,99.8741346758968,92.1825794228102,9534.0,255453.03838800002,Zambia
19,2009,242968.5,3.78953925947299,15.43,23.2356491088867,54.5639991760254,8.23202816897653,9881.0,99.8787021126049,92.0865599814941,9893.0,263847.9492,Zambia
20,2010,253420.7,3.1,15.47,22.0,49.8,7.765465643187691,10435.0,99.8755742725881,92.10429745858191,10448.0,275145.359112,Zambia
21,2011,263135.5,3.52057952867639,15.71,24.3286437988281,56.6660957336426,7.7560472838405,11483.0,99.8695425291355,90.899608136634,11498.0,289479.245724,Zambia
22,2012,277634.4,3.3793840667491297,15.9,24.894666671752898,57.7287483215332,7.576244228815581,12350.0,99.8544631306598,88.63232944414709,12368.0,313242.81076799997,Zambia
23,2013,286757.3,3.2266582674742206,15.99,25.469701766967802,58.796760559082,7.468400568885349,13281.0,99.8571428571429,88.4762085670418,13300.0,324106.67754,Zambia
24,2014,292681.4,3.8,16.23,27.9,61.5,7.39863807087842,14042.0,97.1630224190423,88.0340372906068,14452.0,332463.907152,Zambia
25,2015,301679.8,3.7,16.31,31.1,67.7,7.34362541470335,13035.0,96.993823945234,87.98545235853528,13439.0,342874.63656,Zambia
26,2016,,2.6577457459003098,16.43,27.219337463378896,62.0153732299805,,,,,,,Zambia
0,1990,326004.7,35.1076881286279,,59.3379402160645,81.6711959838867,10.4388177843194,1010.0,0.6106962541947579,16.6278217077773,165385.0,1960597.760364,South Africa
1,1991,334858.0,36.727482017052495,,60.575080871582,82.1048049926758,11.0128684771255,1980.0,1.1891034880368998,17.4661188204403,166512.0,1917186.087204,South Africa
2,1992,335990.9,38.4035514694694,,61.811710357665994,82.5382461547852,10.4957095003736,752.0,0.45095558207451597,18.3632170243738,166757.0,1829695.1974919997,South Africa
3,1993,340353.5,40.1010332801377,,63.045284271240206,82.9706573486328,11.1112150080899,146.0,0.0842173268497528,18.585950063784,173361.0,1831240.7965799998,South Africa
4,1994,349869.2,41.8141893617044,,64.27273559570311,83.401008605957,11.133038663826802,1074.0,0.59609375433611,18.562881558955898,180173.0,1884778.496748,South Africa
5,1995,355387.8,43.5390105583757,,65.4910125732422,83.82826232910149,11.389546505347303,529.0,0.285358262173578,18.113079676027102,185381.0,1962050.6637,South Africa
6,1996,363260.0,25.069463437098104,,57.6,84.25140380859371,11.158973110422401,1379.0,0.6912419296627501,17.4377706017221,199496.0,2083179.141972,South Africa
7,1997,370388.1,47.00112175490721,,67.88779449462889,84.6693801879883,11.1701810052773,2238.0,1.07723557669166,17.1071913418366,207754.0,2165101.755156,South Africa
8,1998,374479.0,37.1,,64.9,84.2,11.041988280854001,1826.0,0.89971126462154,17.272490038871,202954.0,2168066.093292,South Africa
9,1999,381332.9,50.44342613330979,,70.21115875244139,85.4857635498047,10.9135199381459,923.0,0.460528285317979,18.2213200307393,200422.0,2092784.163588,South Africa
10,2000,390795.6,52.1460216148961,56.43,71.3391799926758,85.8827438354492,10.4522363265227,1408.0,0.6774539663293829,18.5080804630776,207837.0,2111486.389848,South Africa
11,2001,401776.1,48.569534431323206,58.81,70.2,86.2742919921875,10.4677882943679,2292.0,1.1010073352452,19.1214417005142,208173.0,2101181.0003279997,South Africa
12,2002,408490.4,63.9487977135725,61.01,77.1,86.6632308959961,9.90327157391213,2642.0,1.2087992533079601,18.3241040408302,218564.0,2229251.695416,South Africa
13,2003,408752.4,57.4,63.29,78.8,87.7,10.2861597446598,966.0,0.4177333425586379,17.5065631974473,231248.0,2334852.33732,South Africa
14,2004,414828.5,71.4849916803226,65.6,80.9,87.4445266723633,10.741440513673401,1224.0,0.5080313784086661,16.7607974940869,240930.0,2474992.613844,South Africa
15,2005,421555.4,70.68524211854451,67.53,80.9,87.84252166748051,10.186570758593499,1610.0,0.6651380884509721,16.2453416966089,242055.0,2594930.952348,South Africa
16,2006,431762.9,69.3398466877297,69.58,80.7,88.2491683959961,9.57797673203002,3180.0,1.26768480093761,16.3703967434757,250851.0,2637461.429712,South Africa
17,2007,432018.2,71.7383603012195,71.46,82.0,88.6672897338867,9.734271413912712,1154.0,0.44299424184261,15.8116290856396,260500.0,2732281.39656,South Africa
18,2008,440397.9,70.56698141179321,73.35,81.9,89.0989151000977,10.1611018666896,1502.0,0.5878232147120172,15.986589711129401,255519.0,2754795.7879560003,South Africa
19,2009,447757.5,71.6821495516728,75.04,82.7,89.5430450439453,10.116617565470301,1712.0,0.693636934546118,15.570292525155402,246815.0,2875716.684684,South Africa
20,2010,456731.3,71.2114504688644,76.65,82.9,89.99789428710942,9.668689553581562,2434.0,0.948380661450703,17.0798023283017,256648.0,2674101.791232,South Africa
21,2011,463732.6,64.1,78.21,84.7,91.4,9.33499654052968,2384.0,0.9184208093198142,16.9785947586075,259576.0,2731277.862468,South Africa
22,2012,468574.1,75.5966659793825,79.65,85.3,90.9325714111328,9.004638751885249,1537.0,0.6029508106687379,16.632885446748098,254913.0,2817154.6151759997,South Africa
23,2013,476515.6,74.81532825896791,81.0,85.4,91.40884399414058,8.83732413382393,1542.0,0.6090239818003729,16.097393968051698,253192.0,2960203.3779240004,South Africa
24,2014,489468.3,75.39468879949541,82.36,86.0,91.8886871337891,9.03362749392559,3226.0,1.29313627636078,16.5881622011429,249471.0,2950708.42728,South Africa
25,2015,504710.1,72.8518331960531,83.64,85.5,92.3703079223633,8.69932535042479,5564.0,2.2550418260813196,17.1501412476598,246736.0,2942891.797284,South Africa
26,2016,,67.9214351327324,84.75,84.2,92.85223388671879,,,,,,,South Africa
0,1990,27900.6,,,0.00999999977648258,13.899279594421401,5.72715195500438,167.0,97.6608187134503,80.0875582175947,171.0,34837.621,Rwanda
1,1991,27930.68,,,0.00999999977648258,15.9372110366821,5.75858147512483,165.0,97.63313609467458,81.8261168913197,169.0,34134.1873,Rwanda
2,1992,27959.23,0.5,,2.3,31.1,5.4455252638861795,172.0,97.7272727272727,81.5562628296224,176.0,34282.1373,Rwanda
3,1993,27933.54,,,0.0427721999585629,20.0117015838623,5.94250989629007,155.0,97.48427672955981,81.33240761433059,159.0,34344.9073,Rwanda
4,1994,23345.19,,,0.18825627863407102,22.0463695526123,10.3985242888184,158.0,97.5308641975309,78.5389768561632,162.0,29724.3368,Rwanda
5,1995,47520.78,,,0.5774781107902529,24.0779457092285,13.791691496664901,160.0,97.56097560975608,88.3582377902898,164.0,53781.9463,Rwanda
6,1996,51158.6,,,1.1623027324676498,26.1053981781006,13.051737521442599,150.0,97.40259740259741,89.1548284004775,154.0,57381.749163600005,Rwanda
7,1997,65303.0,,,2.14179015159607,28.127698898315398,14.290848981956598,140.0,97.2222222222222,91.1241958132464,144.0,71663.7325764,Rwanda
8,1998,63454.4,,,3.10292291641235,30.1438159942627,13.297388256045101,126.0,96.92307692307692,90.8049706032367,130.0,69879.8750536,Rwanda
9,1999,65955.63,,,4.04264211654663,32.152717590331996,12.887211503558301,128.0,96.969696969697,90.7614884552462,132.0,72669.18064319999,Rwanda
10,2000,44838.63,0.9,0.29000000000000103,6.2,38.9,8.37056837509515,109.0,96.4601769911504,86.67852455812809,113.0,51729.803003199995,Rwanda
11,2001,45090.34,0.161099726406955,0.30999999999999894,5.85776567459106,36.14988327026371,7.71060545803674,89.0,97.7978989934508,86.87576277355231,91.00399999999999,51902.0939333,Rwanda
12,2002,45179.87,0.41394981640020706,0.319999999999998,6.74377536773682,38.143138885498,6.78817054310323,98.0,98.0,87.1082026675283,100.0,51866.378385100004,Rwanda
13,2003,45075.46,0.679915701883406,0.339999999999996,7.623501777648929,40.1366004943848,6.67619871894073,117.6,98.32775919732441,87.28761989603349,119.6,51640.152468,Rwanda
14,2004,44894.33,0.9066216014192601,0.349999999999995,8.50300693511963,42.1330795288086,6.23760534770131,84.3,58.6638830897704,87.54213661935741,143.7,51283.10975,Rwanda
15,2005,53013.39,1.3,0.37000000000000394,4.8,25.1,7.69074149187237,65.7,55.772495755517795,89.24461217571292,117.8,59402.34229,Rwanda
16,2006,54611.52,1.2260885068524099,0.409999999999999,10.285608291626,46.146358489990206,7.23875024843976,38.4,22.495606326889302,90.5858527254493,170.7,60287.02977000001,Rwanda
17,2007,56386.99,1.3234988076596002,0.429999999999997,11.2008304595947,48.168792724609396,6.9823836507691,42.52,25.704267924072102,90.30988791356691,165.42,62437.22731,Rwanda
18,2008,58301.91,2.0,0.43999999999999606,6.0,28.1,6.51035813753078,72.4,37.2236503856041,90.63050312722869,194.5,64329.23572999999,Rwanda
19,2009,60215.09,1.40936473120301,0.43999999999999606,13.0973424911499,52.2531929016113,6.342632927670279,99.3,39.975845410628,90.54192682696659,248.4,66505.20053,Rwanda
20,2010,62125.47,4.0,0.47000000000000397,9.7,44.5,6.142846261161151,112.3,39.9501956599075,90.6555290837025,281.1,68529.15716,Rwanda
21,2011,63978.12,2.5,0.480000000000003,10.8,58.2,5.93616146147797,149.6,43.2995658465991,89.6448125883995,345.5,71368.45753,Rwanda
22,2012,66101.18,1.25936141377667,0.509999999999999,16.069776535034197,58.4556732177734,5.69138247683543,181.81,46.2609093916185,88.78529095665708,393.01,74450.59793999999,Rwanda
23,2013,67693.28,7.7,0.519999999999998,15.2,61.5,5.63237299907089,148.24,35.8812993174227,88.474248475437,413.14,76511.84516,Rwanda
24,2014,68636.33,9.1,0.539999999999996,19.8,71.8,5.3376393505513,209.73,44.0581475957398,88.1813037678132,476.03,77835.46746,Rwanda
25,2015,68929.6,12.4,0.5600000000000049,22.8,72.9,4.884855417500849,297.95,56.8878281622912,86.6553742907747,523.75,79544.51823,Rwanda
26,2016,,17.76,0.5700000000000041,29.37,79.97,,,,,,,Rwanda
0,1990,139992.8,,,60.2237892150879,89.7324676513672,3.54527499721782,10605.0,76.803302433372,39.4258282036508,13808.0,355078.907352,Peru
1,1991,139755.8,,,61.617095947265604,90.13290405273442,3.40222806198856,11625.0,80.2720618699075,39.913113738396,14482.0,350150.080788,Peru
2,1992,127901.5,19.6,,70.1,90.3,3.32677170155861,9822.0,74.851394604481,37.3077712492969,13122.0,342828.037476,Peru
3,1993,130173.7,2.22665895811861,,64.39963531494139,90.9324111938477,3.3745165815569704,11908.0,80.4159913560238,37.0792617049946,14808.0,351068.748444,Peru
4,1994,130041.2,4.67016059321973,,65.7832565307617,91.32958984375,3.11257469928633,12866.0,81.0916425059877,35.934975815490105,15866.0,361879.191648,Peru
5,1995,129874.6,7.1563097595736505,,67.1576995849609,91.7236709594727,3.0957321693481896,12963.0,80.2960852329039,33.282985370877,16144.0,390213.19317600003,Peru
6,1996,130450.0,17.8,,67.0,92.0,3.1016161953529195,13460.0,77.9295970356647,31.7145352264847,17272.0,411325.592724,Peru
7,1997,130165.2,23.845619,,69.16024,91.792103,2.8196796012463903,13357.0,74.42469493508659,31.7398884822982,17947.0,410099.739552,Peru
8,1998,133585.7,29.172649,,72.072063,93.42112900000001,2.9775806530414104,13930.0,74.99327052489909,32.692289509868395,18575.0,408615.309612,Peru
9,1999,135705.8,29.028567,,74.078523,95.064564,3.12545283743765,14674.0,77.0693277310924,30.6801285582867,19040.0,442324.74366000004,Peru
10,2000,141108.7,28.944197999999997,35.28,72.496495,95.160342,3.03465865822195,16327.0,81.98754644973391,32.1550548987154,19914.0,438838.31156400003,Peru
11,2001,147148.1,27.617721000000003,40.0,72.113111,92.363804,2.91074823541241,17770.0,85.5231494850322,34.841290620605804,20778.0,422338.258368,Peru
12,2002,148586.0,29.971636,44.1,74.382688,93.830749,2.77852598467102,18227.0,82.91406996315341,34.1658514703152,21983.0,434896.230024,Peru
13,2003,149389.7,29.695809000000004,48.13,74.380966,93.76253100000001,2.61453222253604,18731.0,81.7091258070145,34.8173472035779,22924.0,429066.864648,Peru
14,2004,150835.5,32.028739,51.72,75.692357,94.305688,2.7557727838076,17679.0,72.8880643166357,32.6069789638017,24255.0,462586.55292,Peru
15,2005,148129.9,34.584732,54.92,77.173645,94.65564,2.74787186095969,18428.0,72.26950076473591,32.731839800044,25499.0,452555.984952,Peru
16,2006,157257.3,39.626711,57.57,80.157275,96.160471,2.4812832834471603,20052.0,73.29483149353021,33.879494307607196,27358.0,464166.60937200004,Peru
17,2007,162577.2,45.41024,60.08,81.98813100000001,95.809539,2.47402816128087,19967.0,66.7100998964285,32.3720108416534,29931.0,502215.326676,Peru
18,2008,133397.4,50.133503000000005,62.34,84.678343,97.041166,2.37746073943598,19501.0,60.1325932778292,25.7171600310664,32430.0,518709.685824,Peru
19,2009,160474.7,55.129787,64.53,86.42432,97.47614499999999,2.4665016864237,19952.0,60.590968447265304,28.0608450889678,32929.0,571881.208464,Peru
20,2010,190578.3,58.5864,66.13,88.12306099999999,98.142493,2.6934502469236405,20716.0,57.7208135971023,30.7972112804847,35890.0,618816.743712,Peru
21,2011,191905.5,64.237932,67.86,89.707491,98.376636,2.5753788523369803,22263.0,56.7600642480177,29.5472588339093,39223.0,649486.644696,Peru
22,2012,183949.2,68.558489,69.53,91.099508,98.629566,2.61583612032158,22083.0,55.2503189972228,28.253294480277,39969.0,651071.6834399999,Peru
23,2013,181703.2,71.597192,70.95,92.13536500000001,98.779725,2.46188419857603,23467.0,53.9396864800257,25.983385316642998,43506.0,699305.336028,Peru
24,2014,182543.5,74.504761,72.41,92.919989,98.880892,2.78241677083545,23946.0,52.3684555832568,25.996864934782,45726.0,702175.052484,Peru
25,2015,188380.4,77.92171,73.87,93.852179,98.87489599999999,2.79098842070488,25443.0,52.7305133572361,25.503905515847897,48251.0,738633.539412,Peru
26,2016,,75.5729045784838,75.06,94.85174560546879,100.0,,,,,,,Peru
0,1990,229285.7,,,0.00999999977648258,75.2230529785156,10.7912799533894,877.0,99.8861047835991,95.11971453700491,878.0,241049.60902800004,Nepal
1,1991,234348.3,,,0.0650601908564568,76.1186065673828,10.4738135712736,900.0,96.56652360515021,94.1886478427166,932.0,248807.37261599998,Nepal
2,1992,239342.5,,,0.458564400672913,77.0139846801758,10.3057949704018,839.0,94.69525959367951,94.1610503123683,886.0,254184.18678000002,Nepal
3,1993,244530.4,,,1.7262779474258403,77.90834045410159,10.185770780103,871.0,93.35476956055729,93.545554307166,933.0,261402.481188,Nepal
4,1994,250040.5,,,3.5338521003723105,78.8006286621094,9.74633443734357,929.0,91.980198019802,92.3802419840757,1010.0,270664.47828000004,Nepal
5,1995,255819.2,,,7.575012683868411,79.689826965332,9.716169789296211,1159.0,96.9063545150502,91.73240229558391,1196.0,278875.50483600004,Nepal
6,1996,261564.0,12.1,,17.9,78.4,9.446465110817439,1181.0,96.72399672399669,91.51546257695959,1221.0,285813.9954,Nepal
7,1997,267281.6,6.762828320220031,,15.617564201355,81.4548263549805,9.28322033119918,1062.0,90.84687767322501,90.7086604586331,1169.0,294659.405892,Nepal
8,1998,273283.7,10.7671299579705,,19.612838745117198,82.3285598754883,9.245502040802439,1131.0,90.48,90.4911794633272,1250.0,302000.37354,Nepal
9,1999,279832.4,14.7693610588641,,23.586698532104503,83.19508361816409,9.34199922628934,1411.0,95.4668470906631,88.0524277862945,1478.0,317802.026628,Nepal
10,2000,296792.2,18.769202296814,14.92,27.5376052856445,84.0540084838867,9.28628339851372,1632.0,98.37251356238701,88.284545560238,1659.0,336176.845128,Nepal
11,2001,304942.8,17.4,15.45,24.6,85.7,9.15263719772042,1849.0,99.0358864488484,87.7565053014631,1867.0,347487.401592,Nepal
12,2002,315976.7,27.011136979055,16.18,35.3902549743652,85.7583770751953,9.243012617787581,2119.0,99.8115873763542,89.94329658508329,2123.0,351306.558684,Nepal
13,2003,323323.3,31.2401351273909,16.96,39.3041229248047,86.6094512939453,9.143759556947991,2263.0,99.823555359506,89.4428771673892,2267.0,361485.79991999996,Nepal
14,2004,330933.7,27.3,17.67,37.2,87.4,8.860626246538189,2404.0,99.4210090984284,90.2970104562488,2418.0,366494.636232,Nepal
15,2005,338400.5,39.7645520461994,18.13,47.1372566223145,88.32349395751949,8.852740494067909,2517.0,99.3683379392025,89.51737692701109,2533.0,378027.721116,Nepal
16,2006,344938.9,43.2,19.02,51.2,90.1,8.563978075268441,2735.0,99.5269286754003,91.2532617595403,2748.0,378001.721088,Nepal
17,2007,352430.4,48.4292805733951,19.78,55.0180130004883,90.07213592529301,8.442045254786741,2783.0,99.6776504297994,91.31227101088498,2792.0,385961.707116,Nepal
18,2008,359566.3,52.8311672007193,20.42,58.989894866943395,90.96570587158199,8.23467901618003,2803.0,99.67994310099571,90.4689314769895,2812.0,397447.27181999997,Nepal
19,2009,364858.3,57.2812515584539,21.25,62.9828071594238,91.8717727661133,8.11063262922194,3102.0,99.5826645264847,88.92708665645729,3115.0,410289.27598800004,Nepal
20,2010,368994.9,61.7769754382714,22.31,66.99374389648439,92.7885589599609,7.965681555858881,3205.0,99.9064837905237,87.2924485879784,3208.0,422711.13477600005,Nepal
21,2011,380337.4,72.9,23.1,76.3,97.0,7.97206215285814,3490.0,99.94272623138599,86.94551203482278,3492.0,437443.395408,Nepal
22,2012,354167.1,70.8971405211242,23.81,75.0576629638672,94.64712524414058,7.2726659983594,3533.0,99.4650900900901,84.69734033742421,3552.0,418156.10571599996,Nepal
23,2013,401076.6,75.51703467116671,24.59,79.1046447753906,95.58533477783199,7.76571265181869,3507.0,99.7156667614444,86.25309588725159,3517.0,464999.65696800005,Nepal
24,2014,407097.6,81.7,25.5,84.9,97.7,7.60369635213534,3796.0,99.97366341848829,84.3747890594521,3797.0,482487.25068,Nepal
25,2015,412327.7,84.8675503769791,26.56,87.213623046875,97.4706802368164,7.42382880373283,3503.0,100.0,85.2639581903713,3503.0,483589.676988,Nepal
26,2016,,85.2,27.62,90.7,94.5,,,,,,,Nepal
0,1990,447873.5,82.5740222899768,,94.2645721435547,98.94298553466801,4.82065733001327,28604.0,24.6933190604038,14.413301687743198,115837.0,3107362.280364,Mexico
1,1991,422036.9,83.3259591508308,,94.5752944946289,98.9900665283203,4.85607368552218,28785.0,22.388582095356604,13.1955118498823,128570.0,3198336.71328,Mexico
2,1992,434511.2,76.047298,,93.145981,98.584698,4.72511612461449,34087.0,25.655557562620398,13.4270915549992,132864.0,3236078.3288040003,Mexico
3,1993,431306.6,84.88831282706231,,95.19265747070308,99.0820159912109,4.61704762963817,34456.0,25.3963574182041,13.303969341402302,135673.0,3241939.220784,Mexico
4,1994,399700.1,82.358863,,95.238294,99.25589000000001,4.507851213673581,27987.0,19.021824088737198,11.8631029257549,147131.0,3369271.113144,Mexico
5,1995,433354.3,86.4742509621299,,95.78555297851558,99.1654815673828,4.63041434707186,36007.0,23.6502285744312,13.261833225880899,152248.0,3267680.211468,Mexico
6,1996,438974.9,86.345106,,96.093624,99.076735,4.46989342761562,38894.0,24.664692341351103,13.0647238378458,157691.0,3360001.370472,Mexico
7,1997,438314.2,88.0976368011812,,96.3295059204102,99.2324676513672,4.39744712320738,33427.0,19.9572519448574,12.699777386409199,167493.0,3451353.4108800003,Mexico
8,1998,434300.5,86.369039,,96.09275500000001,99.17506999999999,4.31710230599487,32061.0,17.5865587151132,12.238453367318401,182304.0,3548655.1034279997,Mexico
9,1999,450340.8,89.5898940190946,,96.8000335693359,99.27560424804692,4.3263322512802,40040.0,20.9075244112579,12.748461320411,191510.0,3532511.011968,Mexico
10,2000,448066.4,93.055972,80.68,98.007132,99.430718,4.1117286726370095,40732.0,19.804059803087398,12.1673599409573,205675.0,3682527.698484,Mexico
11,2001,408174.3,90.8395473406682,80.97,97.1848373413086,99.29486083984379,4.28289776873679,36604.0,17.105632091519198,11.3438848753678,213988.0,3598187.9619239997,Mexico
12,2002,393058.0,92.45922900000001,81.25,97.897085,99.526178,4.29831397951909,32855.0,15.055837889112402,10.6827805508327,218221.0,3679360.4261519997,Mexico
13,2003,390316.9,91.96713208137159,81.61,97.5202484130859,99.3045654296875,4.48997269909971,28643.0,12.125714914675902,10.1690386164319,236217.0,3838287.1254839995,Mexico
14,2004,411075.5,95.868543,81.96,98.597701,99.39008199999999,4.351927906351009,34327.0,14.448424340125301,10.2132927480421,237583.0,4024906.659792,Mexico
15,2005,431798.8,96.56445699999999,82.27,98.932728,99.605581,4.51428861231733,38110.0,15.1973138518471,10.3057556226863,250718.0,4189880.0612879996,Mexico
16,2006,432409.9,97.04425400000001,82.52,99.11416,99.705865,4.399624280621031,39532.0,15.3342487645557,9.82410741213981,257750.0,4401518.447016001,Mexico
17,2007,424520.7,94.4900549414298,82.83,98.2528305053711,99.3816680908203,4.23519602656183,37378.0,14.090443016978801,9.45657974068416,265208.0,4489156.87956,Mexico
18,2008,452624.4,95.935502,83.15,98.914037,99.725953,4.13422558918054,47246.0,17.543025824777697,9.76961777722943,269315.0,4632979.614155999,Mexico
19,2009,402241.0,96.07195119779628,83.41,98.71661376953129,99.4832305908203,4.34361243061799,34667.0,12.947332252739502,9.168405481305589,267754.0,4387251.4236,Mexico
20,2010,430703.1,97.518062,83.74,99.236696,99.703549,4.01469964528282,45747.0,16.6028518855907,9.35997754330969,275537.0,4601539.886256,Mexico
21,2011,430711.0,97.89812851451592,84.0,99.2483596801758,99.62657928466801,4.05413062038038,45076.0,14.888803009734099,9.066472234910359,302785.0,4750590.845484,Mexico
22,2012,427083.2,97.194036,84.24,99.111637,99.650006,4.069257836789101,42361.0,13.788131290116802,8.96482420763479,307268.0,4763988.563616,Mexico
23,2013,440219.3,99.56962993821979,84.59,99.7487335205078,99.79723358154301,4.02340346865891,39543.0,13.299543262277801,9.23136345664358,297326.0,4768735.431852,Mexico
24,2014,459153.8,97.52599000000001,84.87,99.172928,99.63725,3.85311999350743,52893.0,17.5435163318916,9.758462423168199,301496.0,4705185.920580001,Mexico
25,2015,441721.1,98.0,85.15,99.0,99.3,3.73852342945458,47897.0,15.394133792722199,9.215213455001802,311138.0,4793389.780464,Mexico
26,2016,,100.0,85.35,100.0,100.0,,,,,,,Mexico
0,1990,9439.936,84.74938397049941,,93.4802093505859,97.27459716796879,4.16933793975976,2600.0,10.833333333333302,1.59632635721349,24000.0,591353.764056,Iraq
1,1991,3600.052,85.5697293645241,,93.8056793212891,97.41626739501949,9.231703831191961,900.0,4.3248438250840895,0.746342013031562,20810.0,482359.55328,Iraq
2,1992,2980.656,86.3810388616882,,94.1306381225586,97.5577545166016,10.3447612463955,700.0,2.7667984189723303,0.490534585428941,25300.0,607634.219592,Iraq
3,1993,2642.6,87.17668840876591,,94.4525375366211,97.6982192993164,10.334399031098599,600.0,2.2813688212927796,0.38934008745201604,26300.0,678738.225312,Iraq
4,1994,2535.55,87.9497479630413,,94.7683258056641,97.8366165161133,11.274514975696599,560.0,2.0,0.35737871393965503,28000.0,709485.456492,Iraq
5,1995,2597.982,88.6926125359076,,95.0749282836914,97.97193145751949,10.6054632087908,570.0,1.91641730827422,0.373227147039444,29743.0,696086.021772,Iraq
6,1996,2615.161,89.40705663347,,95.36929321289058,98.09925079345699,9.56419560598779,570.0,1.89740687726773,0.350157932459888,30041.0,746851.8509999999,Iraq
7,1997,2677.428,90.0708568850496,,95.6483688354492,98.22451782226558,9.386506504393349,581.0,1.91502686311348,0.362383356738199,30339.0,738838.567008,Iraq
8,1998,2715.57,90.6420982428792,,95.90908813476558,98.3437271118164,4.96567697056205,593.0,1.91630311843593,0.390140044105445,30945.0,696050.0571600001,Iraq
9,1999,2721.118,91.14297547065658,,96.1483917236328,98.4563446044922,3.2636070379205697,605.0,1.9168013179989198,0.384234167966341,31563.0,708192.61452,Iraq
10,2000,2755.402,91.5858919637373,74.95,96.36474609375,98.5627288818359,3.7881968414691203,611.0,1.9153605015673998,0.36357195247021706,31900.0,757869.792012,Iraq
11,2001,2822.663,91.98190346594379,78.65,96.5626907348633,98.664306640625,4.13966007366477,618.0,1.91621965210381,0.352055214088955,32251.0,801767.133972,Iraq
12,2002,2519.824,92.3450193616951,81.76,96.74828338623051,98.76339721679692,4.228261687825491,517.0,1.52674009981396,0.32398605791781704,33863.0,777756.9245399999,Iraq
13,2003,2258.511,92.68854450351309,84.63,96.9275970458984,98.86270141601558,5.8075786111739305,433.0,1.5278757939308403,0.358040206033949,28340.0,630798.15114,Iraq
14,2004,2565.874,93.0255698193355,86.96,97.106689453125,98.96502685546879,3.87703899436953,493.0,1.52655209784796,0.360068906004819,32295.0,712606.380948,Iraq
15,2005,16836.6,93.3692599189233,89.01,97.29161834716801,99.07318115234379,3.7604465400833194,6000.0,19.7368421052632,2.3033291172296204,30400.0,730968.052896,Iraq
16,2006,18357.05,93.64806866952792,90.77,97.62211156493031,99.5434926958831,3.22102415751573,6096.0,18.023238624604602,2.55400646821021,33823.0,718755.031692,Iraq
17,2007,14437.6,95.40676915465599,92.14,98.1,99.31719970703121,3.2329969634845095,5736.0,17.2578752595,2.03261696823174,33237.0,710296.146576,Iraq
18,2008,8307.78,94.5780881567722,93.38,97.9405975341797,99.45645141601558,3.23572301163032,3485.0,9.447516807633919,1.1851294366201002,36888.0,701001.911124,Iraq
19,2009,8592.85,95.1143005835328,94.24,98.2124557495117,99.60568237304692,3.75123499875916,3227.0,8.52643538457473,1.23763391680208,37847.0,694296.583452,Iraq
20,2010,13303.68,95.6616480897097,95.1,98.48660278320308,99.7537689208984,4.01433411531913,4767.0,9.74687167743518,1.70963705456244,48908.0,778158.145584,Iraq
21,2011,9773.975,94.08756318916842,95.72,98.0,100.0,4.08389015305167,3397.0,6.30206110977126,1.0743365580925202,53903.0,909768.4451280001,Iraq
22,2012,13051.97,98.6,96.18,99.3,99.69,4.00553461708955,4392.0,9.54409144247903,1.26387437960623,46018.0,1032695.195868,Iraq
23,2013,14241.45,98.00393302744409,96.71,99.3796005249023,99.9901123046875,4.0447611123735,4757.0,8.14248057238711,1.36878400878178,58422.0,1040445.3813479999,Iraq
24,2014,7893.954000000001,98.87765647590959,97.04,99.6554107666016,99.9989700317383,4.02747342269317,2931.0,4.32505017117223,0.912104650364548,67768.0,865465.820928,Iraq
25,2015,5867.225,99.5485689382147,97.39,99.8621826171875,100.0,3.71626708149862,2572.0,3.7317547372392004,0.798830768676665,68922.0,734476.591296,Iraq
26,2016,,100.0,97.63,100.0,100.0,,,,,,,Iraq
0,1990,30460.41,100.0,,100.0,100.0,12.989185878022498,4504.0,99.8669623059867,54.6721549511554,4510.0,55714.668696,Iceland
1,1991,30144.68,100.0,,100.0,100.0,11.9082705424457,4487.0,99.84423676012459,54.7874237583985,4494.0,55021.16714400001,Iceland
2,1992,30848.64,100.0,,100.0,100.0,12.016686426954,4540.0,99.86801583809941,54.633261314261595,4546.0,56464.94325599999,Iceland
3,1993,31608.29,100.0,,100.0,100.0,12.7455693530973,4722.0,99.8942246668077,54.6595421181759,4727.0,57827.579184,Iceland
4,1994,32308.31,100.0,,100.0,100.0,12.4747174633994,4775.0,99.8953974895397,54.1375531203699,4780.0,59678.186652,Iceland
5,1995,33017.88,100.0,,100.0,100.0,12.4711023641081,4972.0,99.81931339088541,55.650716705542706,4981.0,59330.556648000005,Iceland
6,1996,32556.28,100.0,,100.0,100.0,12.824112565413001,5118.0,99.90240093695101,52.2531955456447,5123.0,62304.859368,Iceland
7,1997,34402.49,100.0,,100.0,100.0,11.95680598079,5582.0,99.92839240959542,54.881956314735795,5586.0,62684.518392,Iceland
8,1998,37294.58,100.0,,100.0,100.0,11.9439366669341,6276.0,99.92039484158572,57.2124456592265,6281.0,65186.131391999996,Iceland
9,1999,41009.76,100.0,,100.0,100.0,12.892520411361899,7183.0,99.93043962159149,59.8176763149088,7188.0,68557.928904,Iceland
10,2000,43963.69,100.0,100.0,100.0,100.0,13.790212281545902,7679.0,99.934929724102,60.660477061732294,7684.0,72475.015248,Iceland
11,2001,45583.21,100.0,100.0,100.0,100.0,12.8583396323613,8029.0,99.95020540271379,62.1193634766596,8033.0,73380.033936,Iceland
12,2002,47202.2,100.0,100.0,100.0,100.0,13.177506269254401,8410.0,99.9287072243346,61.8431962472443,8416.0,76325.615208,Iceland
13,2003,47167.34,100.0,100.0,100.0,100.0,12.827338616205099,8494.0,99.9294117647059,61.8816048183465,8500.0,76221.908172,Iceland
14,2004,48425.76,100.0,100.0,100.0,100.0,11.7267652961184,8619.0,99.95361243186831,61.8069885493144,8623.0,78349.974876,Iceland
15,2005,49023.51,100.0,100.0,100.0,100.0,11.2443691043023,8681.0,99.94243610407551,62.465599572452604,8686.0,78480.812376,Iceland
16,2006,53621.73,100.0,100.0,100.0,100.0,13.365449588701301,9926.0,99.9597180261833,64.01584575296779,9930.0,83763.2142,Iceland
17,2007,61250.96,100.0,100.0,100.0,100.0,14.497585394902801,11974.0,99.9749519913167,66.7515975965699,11977.0,91759.541652,Iceland
18,2008,77859.13,100.0,100.0,100.0,100.0,16.1413855362034,16465.0,99.9878544968725,73.4615703076425,16467.0,105986.204316,Iceland
19,2009,79405.99,100.0,100.0,100.0,100.0,17.570978036231597,16832.0,99.98811928240471,74.12387755453429,16834.0,107126.060616,Iceland
20,2010,79386.96,100.0,100.0,100.0,100.0,18.3194279689963,17057.0,99.9882759833519,75.41969184069659,17059.0,105260.255064,Iceland
21,2011,80595.34,100.0,100.0,100.0,100.0,19.217947165187798,17209.0,99.98837952472259,76.4508536593322,17211.0,105421.11192000001,Iceland
22,2012,84106.67,100.0,100.0,100.0,100.0,18.539853349152104,17546.0,99.9829050088324,77.3446814179132,17549.0,108742.66783199999,Iceland
23,2013,85919.5,100.0,100.0,100.0,100.0,18.5742321066501,18111.0,99.9724000883197,76.2194959459808,18116.0,112726.40803199999,Iceland
24,2014,87101.0,100.0,100.0,100.0,100.0,18.1057478442943,18120.0,99.9834464492634,76.3388709815554,18122.0,114097.83624,Iceland
25,2015,91392.87,100.0,100.0,100.0,100.0,16.557495602537,18795.0,99.9787222724613,77.029689205553,18799.0,118646.292024,Iceland
26,2016,,100.0,100.0,100.0,100.0,,,,,,,Iceland
0,1990,143281.2,,,23.536262512207,73.1767883300781,7.888965098757019,5721.0,100.0,80.6264219686598,5721.0,177709.98204,Ghana
1,1991,149122.3,,,25.6872043609619,73.8088150024414,7.75385888842966,6109.0,100.0,82.928378877974,6109.0,179820.589788,Ghana
2,1992,154731.8,,,27.8376350402832,74.4406661987305,7.730910282063499,6602.0,100.0,81.0012328856717,6602.0,191024.00604,Ghana
3,1993,160057.8,6.0,,30.6,74.6,7.7257817103282305,6291.0,99.6515127514652,81.297291128455,6313.0,196879.622652,Ghana
4,1994,163776.2,3.8078350910644,,32.1262588500977,75.7002487182617,7.78222675739087,6082.0,99.54173486088379,80.5576355411703,6110.0,203303.136816,Ghana
5,1995,171561.0,6.049309222963849,,34.2583389282227,76.3259201049805,7.82376517731199,6097.0,99.68933943754091,79.7893467842234,6116.0,215017.426404,Ghana
6,1996,177643.6,8.30695682022611,,36.3781776428223,76.9474639892578,7.737873686774661,6625.0,99.9698204315678,78.82919724916542,6627.0,225352.542204,Ghana
7,1997,180160.3,10.582168617254302,,38.482723236084,77.56385803222659,7.76075190715809,6851.0,99.49172233517281,78.33904478955259,6886.0,229975.104348,Ghana
8,1998,173919.4,20.9,,42.6,82.4,7.83457811127323,3830.0,77.53036437246959,73.5780714932637,4940.0,236373.95825999998,Ghana
9,1999,183278.8,15.162277750933,,42.63368606567379,78.7770614624023,7.79392009957062,5169.0,83.5866752910737,72.7838884237677,6184.0,251812.322712,Ghana
10,2000,159648.8,17.492081959609898,5.89,44.675510406494105,79.37245178222649,6.14202561425424,6609.0,91.49937699017029,71.61675587867609,7223.0,222921.01623600002,Ghana
11,2001,150488.2,19.9189286553358,6.48,46.6989250183105,79.96241760253909,5.9436918654095106,6609.0,84.0946685328922,69.3149097650637,7859.0,217107.97938000003,Ghana
12,2002,138697.4,22.368361139414702,7.15,48.709991455078104,80.5497665405273,5.65338091969576,5036.0,69.2424034098721,65.6753270709087,7273.0,211186.46253599998,Ghana
13,2003,127408.9,24.1,7.76,48.3,76.9,5.08478955688647,3886.0,66.0659639578375,64.46764194144849,5882.0,197632.325556,Ghana
14,2004,124818.2,27.374220850437798,8.54,52.7193374633789,81.72789001464841,4.812316896851151,5281.0,87.44825302202351,62.3734397534842,6039.0,200114.344332,Ghana
15,2005,120572.5,29.9547664328383,9.44,54.7297439575195,82.3242950439453,4.5044254081037005,5629.0,82.92575132586921,61.4259076787459,6788.0,196289.32572,Ghana
16,2006,115673.4,33.846627656298104,10.17,55.09345007577029,80.7206537890045,4.51021705821745,5619.0,66.6548042704626,58.558375825740995,8430.0,197535.191796,Ghana
17,2007,107308.8,35.322487756015896,11.04,58.792331695556605,83.54588317871091,4.32268463997011,3727.0,53.4107194038406,54.5282009817115,6978.0,196795.049292,Ghana
18,2008,110562.2,38.2,12.07,60.5,84.8,3.9605693582600496,6195.0,74.4233541566554,55.8624316475004,8324.0,197918.702676,Ghana
19,2009,110053.3,41.0322996745008,13.11,62.9389572143555,84.81846618652341,4.09116711955698,6877.0,76.7693681625363,49.908159396287296,8958.0,220511.63844,Ghana
20,2010,109389.1,44.018783605937394,14.05,65.0408096313477,85.4717178344727,4.1352511667349,6996.0,68.81085866037179,49.7787862567583,10167.0,219750.436332,Ghana
21,2011,114376.9,40.9546,15.11,64.06255999999999,84.9514941676248,3.8705064043815,7561.0,67.5089285714286,48.0110966639598,11200.0,238230.134172,Ghana
22,2012,116830.0,50.2576338574684,16.43,69.28656005859379,86.80323028564449,3.8327627515549905,8071.0,67.1240851630073,44.4836843800779,12024.0,262635.619392,Ghana
23,2013,119921.4,48.6,17.58,70.7,88.5,3.7367374367612203,8236.0,63.9888120581151,44.042964712443506,12871.0,272282.76021599997,Ghana
24,2014,123843.7,63.0,18.82,78.3,90.8,3.56853779353492,8391.0,64.7303864846101,45.04949207870499,12963.0,274905.874152,Ghana
25,2015,117256.0,60.2863945913721,20.37,75.7152786254883,88.8361968994141,3.74524032187346,5848.0,50.89200243668961,41.4127943140724,11491.0,283139.551296,Ghana
26,2016,,66.6,21.71,79.3,89.8,,,,,,,Ghana
